Year,Profession,HourlyRate
2015.0,Graphic Design,22.78
2015.0,Writing,20.64
2015.0,Video Editing,22.56
2015.0,Voiceover,32.02
2015.0,Web Development,33.84
2015.0,Marketing,26.95
2015.0,Virtual Assistant,12.77
2015.0,Data Analysis,33.9
2015.0,UX/UI Design,33.14
2015.08,Graphic Design,22.91
2015.08,Writing,20.56
2015.08,Video Editing,22.7
2015.08,Voiceover,31.96
2015.08,Web Development,33.91
2015.08,Marketing,26.98
2015.08,Virtual Assistant,13.41
2015.08,Data Analysis,33.67
2015.08,UX/UI Design,33.27
2015.17,Graphic Design,23.05
2015.17,Writing,20.48
2015.17,Video Editing,22.84
2015.17,Voiceover,31.91
2015.17,Web Development,33.97
2015.17,Marketing,27.02
2015.17,Virtual Assistant,14.06
2015.17,Data Analysis,33.44
2015.17,UX/UI Design,33.4
2015.25,Graphic Design,23.18
2015.25,Writing,20.4
2015.25,Video Editing,22.97
2015.25,Voiceover,31.85
2015.25,Web Development,34.04
2015.25,Marketing,27.05
2015.25,Virtual Assistant,14.7
2015.25,Data Analysis,33.21
2015.25,UX/UI Design,33.52
2015.33,Graphic Design,23.31
2015.33,Writing,20.33
2015.33,Video Editing,23.11
2015.33,Voiceover,31.79
2015.33,Web Development,34.11
2015.33,Marketing,27.09
2015.33,Virtual Assistant,15.34
2015.33,Data Analysis,32.98
2015.33,UX/UI Design,33.65
2015.42,Graphic Design,23.45
2015.42,Writing,20.25
2015.42,Video Editing,23.25
2015.42,Voiceover,31.74
2015.42,Web Development,34.17
2015.42,Marketing,27.12
2015.42,Virtual Assistant,15.99
2015.42,Data Analysis,32.75
2015.42,UX/UI Design,33.78
2015.5,Graphic Design,23.58
2015.5,Writing,20.17
2015.5,Video Editing,23.38
2015.5,Voiceover,31.68
2015.5,Web Development,34.24
2015.5,Marketing,27.16
2015.5,Virtual Assistant,16.63
2015.5,Data Analysis,32.52
2015.5,UX/UI Design,33.9
2015.58,Graphic Design,23.71
2015.58,Writing,20.09
2015.58,Video Editing,23.52
2015.58,Voiceover,31.62
2015.58,Web Development,34.31
2015.58,Marketing,27.19
2015.58,Virtual Assistant,17.27
2015.58,Data Analysis,32.29
2015.58,UX/UI Design,34.03
2015.67,Graphic Design,23.85
2015.67,Writing,20.01
2015.67,Video Editing,23.66
2015.67,Voiceover,31.57
2015.67,Web Development,34.37
2015.67,Marketing,27.22
2015.67,Virtual Assistant,17.92
2015.67,Data Analysis,32.06
2015.67,UX/UI Design,34.16
2015.75,Graphic Design,23.98
2015.75,Writing,19.93
2015.75,Video Editing,23.8
2015.75,Voiceover,31.51
2015.75,Web Development,34.44
2015.75,Marketing,27.26
2015.75,Virtual Assistant,18.56
2015.75,Data Analysis,31.83
2015.75,UX/UI Design,34.29
2015.83,Graphic Design,24.11
2015.83,Writing,19.86
2015.83,Video Editing,23.94
2015.83,Voiceover,31.45
2015.83,Web Development,34.51
2015.83,Marketing,27.29
2015.83,Virtual Assistant,19.2
2015.83,Data Analysis,31.6
2015.83,UX/UI Design,34.42
2015.92,Graphic Design,24.25
2015.92,Writing,19.78
2015.92,Video Editing,24.07
2015.92,Voiceover,31.4
2015.92,Web Development,34.57
2015.92,Marketing,27.33
2015.92,Virtual Assistant,19.85
2015.92,Data Analysis,31.37
2015.92,UX/UI Design,34.54
2016.0,Graphic Design,24.38
2016.0,Writing,19.7
2016.0,Video Editing,24.21
2016.0,Voiceover,31.34
2016.0,Web Development,34.64
2016.0,Marketing,27.36
2016.0,Virtual Assistant,20.49
2016.0,Data Analysis,31.14
2016.0,UX/UI Design,34.67
2016.08,Graphic Design,24.48
2016.08,Writing,19.98
2016.08,Video Editing,24.62
2016.08,Voiceover,31.54
2016.08,Web Development,34.95
2016.08,Marketing,27.8
2016.08,Virtual Assistant,20.21
2016.08,Data Analysis,31.08
2016.08,UX/UI Design,34.61
2016.17,Graphic Design,24.58
2016.17,Writing,20.27
2016.17,Video Editing,25.04
2016.17,Voiceover,31.74
2016.17,Web Development,35.26
2016.17,Marketing,28.24
2016.17,Virtual Assistant,19.93
2016.17,Data Analysis,31.01
2016.17,UX/UI Design,34.55
2016.25,Graphic Design,24.69
2016.25,Writing,20.55
2016.25,Video Editing,25.45
2016.25,Voiceover,31.94
2016.25,Web Development,35.58
2016.25,Marketing,28.67
2016.25,Virtual Assistant,19.66
2016.25,Data Analysis,30.95
2016.25,UX/UI Design,34.49
2016.33,Graphic Design,24.79
2016.33,Writing,20.83
2016.33,Video Editing,25.87
2016.33,Voiceover,32.15
2016.33,Web Development,35.89
2016.33,Marketing,29.11
2016.33,Virtual Assistant,19.38
2016.33,Data Analysis,30.89
2016.33,UX/UI Design,34.43
2016.42,Graphic Design,24.89
2016.42,Writing,21.12
2016.42,Video Editing,26.28
2016.42,Voiceover,32.35
2016.42,Web Development,36.2
2016.42,Marketing,29.55
2016.42,Virtual Assistant,19.1
2016.42,Data Analysis,30.82
2016.42,UX/UI Design,34.37
2016.5,Graphic Design,24.99
2016.5,Writing,21.4
2016.5,Video Editing,26.7
2016.5,Voiceover,32.55
2016.5,Web Development,36.51
2016.5,Marketing,29.98
2016.5,Virtual Assistant,18.82
2016.5,Data Analysis,30.76
2016.5,UX/UI Design,34.32
2016.58,Graphic Design,25.1
2016.58,Writing,21.68
2016.58,Video Editing,27.11
2016.58,Voiceover,32.75
2016.58,Web Development,36.82
2016.58,Marketing,30.42
2016.58,Virtual Assistant,18.55
2016.58,Data Analysis,30.7
2016.58,UX/UI Design,34.26
2016.67,Graphic Design,25.2
2016.67,Writing,21.97
2016.67,Video Editing,27.52
2016.67,Voiceover,32.95
2016.67,Web Development,37.13
2016.67,Marketing,30.86
2016.67,Virtual Assistant,18.27
2016.67,Data Analysis,30.63
2016.67,UX/UI Design,34.2
2016.75,Graphic Design,25.3
2016.75,Writing,22.25
2016.75,Video Editing,27.94
2016.75,Voiceover,33.16
2016.75,Web Development,37.44
2016.75,Marketing,31.3
2016.75,Virtual Assistant,17.99
2016.75,Data Analysis,30.57
2016.75,UX/UI Design,34.14
2016.83,Graphic Design,25.4
2016.83,Writing,22.53
2016.83,Video Editing,28.35
2016.83,Voiceover,33.36
2016.83,Web Development,37.76
2016.83,Marketing,31.74
2016.83,Virtual Assistant,17.72
2016.83,Data Analysis,30.51
2016.83,UX/UI Design,34.08
2016.92,Graphic Design,25.51
2016.92,Writing,22.82
2016.92,Video Editing,28.77
2016.92,Voiceover,33.56
2016.92,Web Development,38.07
2016.92,Marketing,32.17
2016.92,Virtual Assistant,17.44
2016.92,Data Analysis,30.44
2016.92,UX/UI Design,34.02
2017.0,Graphic Design,25.61
2017.0,Writing,23.1
2017.0,Video Editing,29.18
2017.0,Voiceover,33.76
2017.0,Web Development,38.38
2017.0,Marketing,32.61
2017.0,Virtual Assistant,17.16
2017.0,Data Analysis,30.38
2017.0,UX/UI Design,33.96
2017.08,Graphic Design,25.67
2017.08,Writing,23.1
2017.08,Video Editing,29.04
2017.08,Voiceover,33.73
2017.08,Web Development,38.15
2017.08,Marketing,32.32
2017.08,Virtual Assistant,17.55
2017.08,Data Analysis,30.91
2017.08,UX/UI Design,34.1
2017.17,Graphic Design,25.74
2017.17,Writing,23.1
2017.17,Video Editing,28.89
2017.17,Voiceover,33.7
2017.17,Web Development,37.92
2017.17,Marketing,32.02
2017.17,Virtual Assistant,17.95
2017.17,Data Analysis,31.45
2017.17,UX/UI Design,34.24
2017.25,Graphic Design,25.8
2017.25,Writing,23.1
2017.25,Video Editing,28.75
2017.25,Voiceover,33.67
2017.25,Web Development,37.68
2017.25,Marketing,31.72
2017.25,Virtual Assistant,18.34
2017.25,Data Analysis,31.98
2017.25,UX/UI Design,34.38
2017.33,Graphic Design,25.86
2017.33,Writing,23.1
2017.33,Video Editing,28.61
2017.33,Voiceover,33.64
2017.33,Web Development,37.45
2017.33,Marketing,31.43
2017.33,Virtual Assistant,18.74
2017.33,Data Analysis,32.52
2017.33,UX/UI Design,34.51
2017.42,Graphic Design,25.93
2017.42,Writing,23.1
2017.42,Video Editing,28.46
2017.42,Voiceover,33.61
2017.42,Web Development,37.22
2017.42,Marketing,31.14
2017.42,Virtual Assistant,19.13
2017.42,Data Analysis,33.05
2017.42,UX/UI Design,34.65
2017.5,Graphic Design,25.99
2017.5,Writing,23.1
2017.5,Video Editing,28.32
2017.5,Voiceover,33.58
2017.5,Web Development,36.99
2017.5,Marketing,30.84
2017.5,Virtual Assistant,19.52
2017.5,Data Analysis,33.58
2017.5,UX/UI Design,34.79
2017.58,Graphic Design,26.05
2017.58,Writing,23.09
2017.58,Video Editing,28.18
2017.58,Voiceover,33.55
2017.58,Web Development,36.76
2017.58,Marketing,30.54
2017.58,Virtual Assistant,19.92
2017.58,Data Analysis,34.12
2017.58,UX/UI Design,34.93
2017.67,Graphic Design,26.12
2017.67,Writing,23.09
2017.67,Video Editing,28.03
2017.67,Voiceover,33.52
2017.67,Web Development,36.53
2017.67,Marketing,30.25
2017.67,Virtual Assistant,20.31
2017.67,Data Analysis,34.65
2017.67,UX/UI Design,35.07
2017.75,Graphic Design,26.18
2017.75,Writing,23.09
2017.75,Video Editing,27.89
2017.75,Voiceover,33.49
2017.75,Web Development,36.3
2017.75,Marketing,29.96
2017.75,Virtual Assistant,20.71
2017.75,Data Analysis,35.19
2017.75,UX/UI Design,35.2
2017.83,Graphic Design,26.24
2017.83,Writing,23.09
2017.83,Video Editing,27.75
2017.83,Voiceover,33.46
2017.83,Web Development,36.06
2017.83,Marketing,29.66
2017.83,Virtual Assistant,21.1
2017.83,Data Analysis,35.72
2017.83,UX/UI Design,35.34
2017.92,Graphic Design,26.31
2017.92,Writing,23.09
2017.92,Video Editing,27.6
2017.92,Voiceover,33.43
2017.92,Web Development,35.83
2017.92,Marketing,29.36
2017.92,Virtual Assistant,21.5
2017.92,Data Analysis,36.26
2017.92,UX/UI Design,35.48
2018.0,Graphic Design,26.37
2018.0,Writing,23.09
2018.0,Video Editing,27.46
2018.0,Voiceover,33.4
2018.0,Web Development,35.6
2018.0,Marketing,29.07
2018.0,Virtual Assistant,21.89
2018.0,Data Analysis,36.79
2018.0,UX/UI Design,35.62
2018.08,Graphic Design,26.54
2018.08,Writing,23.22
2018.08,Video Editing,27.67
2018.08,Voiceover,33.5
2018.08,Web Development,35.82
2018.08,Marketing,29.17
2018.08,Virtual Assistant,21.51
2018.08,Data Analysis,36.9
2018.08,UX/UI Design,35.86
2018.17,Graphic Design,26.72
2018.17,Writing,23.36
2018.17,Video Editing,27.89
2018.17,Voiceover,33.61
2018.17,Web Development,36.05
2018.17,Marketing,29.28
2018.17,Virtual Assistant,21.12
2018.17,Data Analysis,37.01
2018.17,UX/UI Design,36.11
2018.25,Graphic Design,26.9
2018.25,Writing,23.49
2018.25,Video Editing,28.1
2018.25,Voiceover,33.71
2018.25,Web Development,36.27
2018.25,Marketing,29.38
2018.25,Virtual Assistant,20.74
2018.25,Data Analysis,37.12
2018.25,UX/UI Design,36.35
2018.33,Graphic Design,27.07
2018.33,Writing,23.63
2018.33,Video Editing,28.32
2018.33,Voiceover,33.82
2018.33,Web Development,36.5
2018.33,Marketing,29.48
2018.33,Virtual Assistant,20.36
2018.33,Data Analysis,37.23
2018.33,UX/UI Design,36.6
2018.42,Graphic Design,27.24
2018.42,Writing,23.76
2018.42,Video Editing,28.53
2018.42,Voiceover,33.92
2018.42,Web Development,36.72
2018.42,Marketing,29.59
2018.42,Virtual Assistant,19.97
2018.42,Data Analysis,37.34
2018.42,UX/UI Design,36.84
2018.5,Graphic Design,27.42
2018.5,Writing,23.9
2018.5,Video Editing,28.74
2018.5,Voiceover,34.02
2018.5,Web Development,36.94
2018.5,Marketing,29.69
2018.5,Virtual Assistant,19.59
2018.5,Data Analysis,37.46
2018.5,UX/UI Design,37.09
2018.58,Graphic Design,27.6
2018.58,Writing,24.03
2018.58,Video Editing,28.96
2018.58,Voiceover,34.13
2018.58,Web Development,37.17
2018.58,Marketing,29.79
2018.58,Virtual Assistant,19.21
2018.58,Data Analysis,37.57
2018.58,UX/UI Design,37.34
2018.67,Graphic Design,27.77
2018.67,Writing,24.16
2018.67,Video Editing,29.17
2018.67,Voiceover,34.23
2018.67,Web Development,37.39
2018.67,Marketing,29.9
2018.67,Virtual Assistant,18.82
2018.67,Data Analysis,37.68
2018.67,UX/UI Design,37.58
2018.75,Graphic Design,27.94
2018.75,Writing,24.3
2018.75,Video Editing,29.39
2018.75,Voiceover,34.34
2018.75,Web Development,37.62
2018.75,Marketing,30.0
2018.75,Virtual Assistant,18.44
2018.75,Data Analysis,37.79
2018.75,UX/UI Design,37.83
2018.83,Graphic Design,28.12
2018.83,Writing,24.43
2018.83,Video Editing,29.6
2018.83,Voiceover,34.44
2018.83,Web Development,37.84
2018.83,Marketing,30.1
2018.83,Virtual Assistant,18.06
2018.83,Data Analysis,37.9
2018.83,UX/UI Design,38.07
2018.92,Graphic Design,28.3
2018.92,Writing,24.57
2018.92,Video Editing,29.82
2018.92,Voiceover,34.55
2018.92,Web Development,38.07
2018.92,Marketing,30.21
2018.92,Virtual Assistant,17.67
2018.92,Data Analysis,38.01
2018.92,UX/UI Design,38.32
2019.0,Graphic Design,28.47
2019.0,Writing,24.7
2019.0,Video Editing,30.03
2019.0,Voiceover,34.65
2019.0,Web Development,38.29
2019.0,Marketing,30.31
2019.0,Virtual Assistant,17.29
2019.0,Data Analysis,38.12
2019.0,UX/UI Design,38.56
2019.08,Graphic Design,28.46
2019.08,Writing,24.58
2019.08,Video Editing,29.56
2019.08,Voiceover,34.94
2019.08,Web Development,38.78
2019.08,Marketing,30.89
2019.08,Virtual Assistant,17.96
2019.08,Data Analysis,37.91
2019.08,UX/UI Design,38.51
2019.17,Graphic Design,28.44
2019.17,Writing,24.45
2019.17,Video Editing,29.1
2019.17,Voiceover,35.23
2019.17,Web Development,39.27
2019.17,Marketing,31.47
2019.17,Virtual Assistant,18.63
2019.17,Data Analysis,37.7
2019.17,UX/UI Design,38.45
2019.25,Graphic Design,28.42
2019.25,Writing,24.33
2019.25,Video Editing,28.64
2019.25,Voiceover,35.52
2019.25,Web Development,39.76
2019.25,Marketing,32.05
2019.25,Virtual Assistant,19.3
2019.25,Data Analysis,37.48
2019.25,UX/UI Design,38.4
2019.33,Graphic Design,28.41
2019.33,Writing,24.21
2019.33,Video Editing,28.17
2019.33,Voiceover,35.82
2019.33,Web Development,40.25
2019.33,Marketing,32.63
2019.33,Virtual Assistant,19.97
2019.33,Data Analysis,37.27
2019.33,UX/UI Design,38.34
2019.42,Graphic Design,28.4
2019.42,Writing,24.08
2019.42,Video Editing,27.7
2019.42,Voiceover,36.11
2019.42,Web Development,40.74
2019.42,Marketing,33.21
2019.42,Virtual Assistant,20.64
2019.42,Data Analysis,37.06
2019.42,UX/UI Design,38.29
2019.5,Graphic Design,28.38
2019.5,Writing,23.96
2019.5,Video Editing,27.24
2019.5,Voiceover,36.4
2019.5,Web Development,41.23
2019.5,Marketing,33.78
2019.5,Virtual Assistant,21.31
2019.5,Data Analysis,36.85
2019.5,UX/UI Design,38.23
2019.58,Graphic Design,28.36
2019.58,Writing,23.84
2019.58,Video Editing,26.78
2019.58,Voiceover,36.69
2019.58,Web Development,41.72
2019.58,Marketing,34.36
2019.58,Virtual Assistant,21.98
2019.58,Data Analysis,36.64
2019.58,UX/UI Design,38.17
2019.67,Graphic Design,28.35
2019.67,Writing,23.71
2019.67,Video Editing,26.31
2019.67,Voiceover,36.98
2019.67,Web Development,42.21
2019.67,Marketing,34.94
2019.67,Virtual Assistant,22.65
2019.67,Data Analysis,36.43
2019.67,UX/UI Design,38.12
2019.75,Graphic Design,28.34
2019.75,Writing,23.59
2019.75,Video Editing,25.84
2019.75,Voiceover,37.28
2019.75,Web Development,42.7
2019.75,Marketing,35.52
2019.75,Virtual Assistant,23.32
2019.75,Data Analysis,36.21
2019.75,UX/UI Design,38.06
2019.83,Graphic Design,28.32
2019.83,Writing,23.47
2019.83,Video Editing,25.38
2019.83,Voiceover,37.57
2019.83,Web Development,43.19
2019.83,Marketing,36.1
2019.83,Virtual Assistant,23.99
2019.83,Data Analysis,36.0
2019.83,UX/UI Design,38.01
2019.92,Graphic Design,28.3
2019.92,Writing,23.34
2019.92,Video Editing,24.92
2019.92,Voiceover,37.86
2019.92,Web Development,43.68
2019.92,Marketing,36.68
2019.92,Virtual Assistant,24.66
2019.92,Data Analysis,35.79
2019.92,UX/UI Design,37.96
2020.0,Graphic Design,28.29
2020.0,Writing,23.22
2020.0,Video Editing,24.45
2020.0,Voiceover,38.15
2020.0,Web Development,44.17
2020.0,Marketing,37.26
2020.0,Virtual Assistant,25.33
2020.0,Data Analysis,35.58
2020.0,UX/UI Design,37.9
2020.08,Graphic Design,28.23
2020.08,Writing,23.37
2020.08,Video Editing,24.63
2020.08,Voiceover,37.85
2020.08,Web Development,43.76
2020.08,Marketing,37.46
2020.08,Virtual Assistant,25.45
2020.08,Data Analysis,35.4
2020.08,UX/UI Design,37.98
2020.17,Graphic Design,28.18
2020.17,Writing,23.52
2020.17,Video Editing,24.81
2020.17,Voiceover,37.56
2020.17,Web Development,43.35
2020.17,Marketing,37.66
2020.17,Virtual Assistant,25.56
2020.17,Data Analysis,35.23
2020.17,UX/UI Design,38.07
2020.25,Graphic Design,28.12
2020.25,Writing,23.67
2020.25,Video Editing,24.99
2020.25,Voiceover,37.26
2020.25,Web Development,42.94
2020.25,Marketing,37.85
2020.25,Virtual Assistant,25.68
2020.25,Data Analysis,35.05
2020.25,UX/UI Design,38.15
2020.33,Graphic Design,28.06
2020.33,Writing,23.82
2020.33,Video Editing,25.18
2020.33,Voiceover,36.97
2020.33,Web Development,42.52
2020.33,Marketing,38.05
2020.33,Virtual Assistant,25.8
2020.33,Data Analysis,34.87
2020.33,UX/UI Design,38.24
2020.42,Graphic Design,28.0
2020.42,Writing,23.97
2020.42,Video Editing,25.36
2020.42,Voiceover,36.67
2020.42,Web Development,42.11
2020.42,Marketing,38.25
2020.42,Virtual Assistant,25.92
2020.42,Data Analysis,34.7
2020.42,UX/UI Design,38.32
2020.5,Graphic Design,27.94
2020.5,Writing,24.12
2020.5,Video Editing,25.54
2020.5,Voiceover,36.38
2020.5,Web Development,41.7
2020.5,Marketing,38.45
2020.5,Virtual Assistant,26.03
2020.5,Data Analysis,34.52
2020.5,UX/UI Design,38.4
2020.58,Graphic Design,27.89
2020.58,Writing,24.27
2020.58,Video Editing,25.72
2020.58,Voiceover,36.08
2020.58,Web Development,41.29
2020.58,Marketing,38.65
2020.58,Virtual Assistant,26.15
2020.58,Data Analysis,34.34
2020.58,UX/UI Design,38.49
2020.67,Graphic Design,27.83
2020.67,Writing,24.42
2020.67,Video Editing,25.9
2020.67,Voiceover,35.79
2020.67,Web Development,40.88
2020.67,Marketing,38.85
2020.67,Virtual Assistant,26.27
2020.67,Data Analysis,34.17
2020.67,UX/UI Design,38.57
2020.75,Graphic Design,27.77
2020.75,Writing,24.57
2020.75,Video Editing,26.08
2020.75,Voiceover,35.49
2020.75,Web Development,40.46
2020.75,Marketing,39.04
2020.75,Virtual Assistant,26.39
2020.75,Data Analysis,33.99
2020.75,UX/UI Design,38.66
2020.83,Graphic Design,27.72
2020.83,Writing,24.72
2020.83,Video Editing,26.27
2020.83,Voiceover,35.2
2020.83,Web Development,40.05
2020.83,Marketing,39.24
2020.83,Virtual Assistant,26.5
2020.83,Data Analysis,33.81
2020.83,UX/UI Design,38.74
2020.92,Graphic Design,27.66
2020.92,Writing,24.87
2020.92,Video Editing,26.45
2020.92,Voiceover,34.9
2020.92,Web Development,39.64
2020.92,Marketing,39.44
2020.92,Virtual Assistant,26.62
2020.92,Data Analysis,33.64
2020.92,UX/UI Design,38.83
2021.0,Graphic Design,27.6
2021.0,Writing,25.02
2021.0,Video Editing,26.63
2021.0,Voiceover,34.61
2021.0,Web Development,39.23
2021.0,Marketing,39.64
2021.0,Virtual Assistant,26.74
2021.0,Data Analysis,33.46
2021.0,UX/UI Design,38.91
2021.08,Graphic Design,27.9
2021.08,Writing,25.0
2021.08,Video Editing,26.63
2021.08,Voiceover,34.66
2021.08,Web Development,39.31
2021.08,Marketing,39.22
2021.08,Virtual Assistant,26.86
2021.08,Data Analysis,34.08
2021.08,UX/UI Design,39.34
2021.17,Graphic Design,28.19
2021.17,Writing,24.99
2021.17,Video Editing,26.64
2021.17,Voiceover,34.71
2021.17,Web Development,39.39
2021.17,Marketing,38.81
2021.17,Virtual Assistant,26.97
2021.17,Data Analysis,34.7
2021.17,UX/UI Design,39.76
2021.25,Graphic Design,28.49
2021.25,Writing,24.97
2021.25,Video Editing,26.64
2021.25,Voiceover,34.75
2021.25,Web Development,39.47
2021.25,Marketing,38.39
2021.25,Virtual Assistant,27.09
2021.25,Data Analysis,35.32
2021.25,UX/UI Design,40.19
2021.33,Graphic Design,28.78
2021.33,Writing,24.95
2021.33,Video Editing,26.64
2021.33,Voiceover,34.8
2021.33,Web Development,39.55
2021.33,Marketing,37.98
2021.33,Virtual Assistant,27.21
2021.33,Data Analysis,35.93
2021.33,UX/UI Design,40.62
2021.42,Graphic Design,29.08
2021.42,Writing,24.94
2021.42,Video Editing,26.64
2021.42,Voiceover,34.85
2021.42,Web Development,39.63
2021.42,Marketing,37.56
2021.42,Virtual Assistant,27.32
2021.42,Data Analysis,36.55
2021.42,UX/UI Design,41.05
2021.5,Graphic Design,29.38
2021.5,Writing,24.92
2021.5,Video Editing,26.64
2021.5,Voiceover,34.9
2021.5,Web Development,39.7
2021.5,Marketing,37.14
2021.5,Virtual Assistant,27.44
2021.5,Data Analysis,37.17
2021.5,UX/UI Design,41.47
2021.58,Graphic Design,29.67
2021.58,Writing,24.9
2021.58,Video Editing,26.65
2021.58,Voiceover,34.95
2021.58,Web Development,39.78
2021.58,Marketing,36.73
2021.58,Virtual Assistant,27.56
2021.58,Data Analysis,37.79
2021.58,UX/UI Design,41.9
2021.67,Graphic Design,29.97
2021.67,Writing,24.89
2021.67,Video Editing,26.65
2021.67,Voiceover,35.0
2021.67,Web Development,39.86
2021.67,Marketing,36.31
2021.67,Virtual Assistant,27.67
2021.67,Data Analysis,38.41
2021.67,UX/UI Design,42.33
2021.75,Graphic Design,30.26
2021.75,Writing,24.87
2021.75,Video Editing,26.65
2021.75,Voiceover,35.04
2021.75,Web Development,39.94
2021.75,Marketing,35.9
2021.75,Virtual Assistant,27.79
2021.75,Data Analysis,39.03
2021.75,UX/UI Design,42.76
2021.83,Graphic Design,30.56
2021.83,Writing,24.85
2021.83,Video Editing,26.66
2021.83,Voiceover,35.09
2021.83,Web Development,40.02
2021.83,Marketing,35.48
2021.83,Virtual Assistant,27.91
2021.83,Data Analysis,39.64
2021.83,UX/UI Design,43.18
2021.92,Graphic Design,30.85
2021.92,Writing,24.84
2021.92,Video Editing,26.66
2021.92,Voiceover,35.14
2021.92,Web Development,40.1
2021.92,Marketing,35.07
2021.92,Virtual Assistant,28.02
2021.92,Data Analysis,40.26
2021.92,UX/UI Design,43.61
2022.0,Graphic Design,31.15
2022.0,Writing,24.82
2022.0,Video Editing,26.66
2022.0,Voiceover,35.19
2022.0,Web Development,40.18
2022.0,Marketing,34.65
2022.0,Virtual Assistant,28.14
2022.0,Data Analysis,40.88
2022.0,UX/UI Design,44.04
2022.08,Graphic Design,30.95
2022.08,Writing,25.03
2022.08,Video Editing,26.92
2022.08,Voiceover,35.25
2022.08,Web Development,40.53
2022.08,Marketing,34.34
2022.08,Virtual Assistant,28.19
2022.08,Data Analysis,40.54
2022.08,UX/UI Design,43.7
2022.17,Graphic Design,30.75
2022.17,Writing,25.24
2022.17,Video Editing,27.17
2022.17,Voiceover,35.3
2022.17,Web Development,40.88
2022.17,Marketing,34.03
2022.17,Virtual Assistant,28.24
2022.17,Data Analysis,40.2
2022.17,UX/UI Design,43.37
2022.25,Graphic Design,30.55
2022.25,Writing,25.45
2022.25,Video Editing,27.43
2022.25,Voiceover,35.36
2022.25,Web Development,41.23
2022.25,Marketing,33.72
2022.25,Virtual Assistant,28.3
2022.25,Data Analysis,39.86
2022.25,UX/UI Design,43.04
2022.33,Graphic Design,30.35
2022.33,Writing,25.66
2022.33,Video Editing,27.69
2022.33,Voiceover,35.42
2022.33,Web Development,41.58
2022.33,Marketing,33.42
2022.33,Virtual Assistant,28.35
2022.33,Data Analysis,39.51
2022.33,UX/UI Design,42.7
2022.42,Graphic Design,30.15
2022.42,Writing,25.87
2022.42,Video Editing,27.94
2022.42,Voiceover,35.48
2022.42,Web Development,41.93
2022.42,Marketing,33.11
2022.42,Virtual Assistant,28.4
2022.42,Data Analysis,39.17
2022.42,UX/UI Design,42.36
2022.5,Graphic Design,29.94
2022.5,Writing,26.08
2022.5,Video Editing,28.2
2022.5,Voiceover,35.53
2022.5,Web Development,42.28
2022.5,Marketing,32.8
2022.5,Virtual Assistant,28.46
2022.5,Data Analysis,38.83
2022.5,UX/UI Design,42.03
2022.58,Graphic Design,29.74
2022.58,Writing,26.29
2022.58,Video Editing,28.46
2022.58,Voiceover,35.59
2022.58,Web Development,42.64
2022.58,Marketing,32.49
2022.58,Virtual Assistant,28.51
2022.58,Data Analysis,38.49
2022.58,UX/UI Design,41.7
2022.67,Graphic Design,29.54
2022.67,Writing,26.5
2022.67,Video Editing,28.71
2022.67,Voiceover,35.65
2022.67,Web Development,42.99
2022.67,Marketing,32.18
2022.67,Virtual Assistant,28.56
2022.67,Data Analysis,38.15
2022.67,UX/UI Design,41.36
2022.75,Graphic Design,29.34
2022.75,Writing,26.71
2022.75,Video Editing,28.97
2022.75,Voiceover,35.71
2022.75,Web Development,43.34
2022.75,Marketing,31.88
2022.75,Virtual Assistant,28.61
2022.75,Data Analysis,37.8
2022.75,UX/UI Design,41.03
2022.83,Graphic Design,29.14
2022.83,Writing,26.92
2022.83,Video Editing,29.23
2022.83,Voiceover,35.76
2022.83,Web Development,43.69
2022.83,Marketing,31.57
2022.83,Virtual Assistant,28.66
2022.83,Data Analysis,37.46
2022.83,UX/UI Design,40.69
2022.92,Graphic Design,28.94
2022.92,Writing,27.13
2022.92,Video Editing,29.48
2022.92,Voiceover,35.82
2022.92,Web Development,44.04
2022.92,Marketing,31.26
2022.92,Virtual Assistant,28.72
2022.92,Data Analysis,37.12
2022.92,UX/UI Design,40.36
2023.0,Graphic Design,28.74
2023.0,Writing,27.34
2023.0,Video Editing,29.74
2023.0,Voiceover,35.88
2023.0,Web Development,44.39
2023.0,Marketing,30.95
2023.0,Virtual Assistant,28.77
2023.0,Data Analysis,36.78
2023.0,UX/UI Design,40.02
2023.08,Graphic Design,29.39
2023.08,Writing,27.94
2023.08,Video Editing,30.07
2023.08,Voiceover,35.6
2023.08,Web Development,44.44
2023.08,Marketing,31.73
2023.08,Virtual Assistant,28.51
2023.08,Data Analysis,36.92
2023.08,UX/UI Design,40.04
2023.17,Graphic Design,30.04
2023.17,Writing,28.55
2023.17,Video Editing,30.41
2023.17,Voiceover,35.31
2023.17,Web Development,44.5
2023.17,Marketing,32.5
2023.17,Virtual Assistant,28.26
2023.17,Data Analysis,37.05
2023.17,UX/UI Design,40.06
2023.25,Graphic Design,30.69
2023.25,Writing,29.15
2023.25,Video Editing,30.74
2023.25,Voiceover,35.03
2023.25,Web Development,44.55
2023.25,Marketing,33.28
2023.25,Virtual Assistant,28.0
2023.25,Data Analysis,37.19
2023.25,UX/UI Design,40.08
2023.33,Graphic Design,31.34
2023.33,Writing,29.75
2023.33,Video Editing,31.08
2023.33,Voiceover,34.74
2023.33,Web Development,44.6
2023.33,Marketing,34.06
2023.33,Virtual Assistant,27.74
2023.33,Data Analysis,37.32
2023.33,UX/UI Design,40.11
2023.42,Graphic Design,31.99
2023.42,Writing,30.36
2023.42,Video Editing,31.41
2023.42,Voiceover,34.46
2023.42,Web Development,44.65
2023.42,Marketing,34.83
2023.42,Virtual Assistant,27.49
2023.42,Data Analysis,37.46
2023.42,UX/UI Design,40.13
2023.5,Graphic Design,32.64
2023.5,Writing,30.96
2023.5,Video Editing,31.74
2023.5,Voiceover,34.17
2023.5,Web Development,44.7
2023.5,Marketing,35.61
2023.5,Virtual Assistant,27.23
2023.5,Data Analysis,37.6
2023.5,UX/UI Design,40.15
2023.58,Graphic Design,33.3
2023.58,Writing,31.56
2023.58,Video Editing,32.08
2023.58,Voiceover,33.88
2023.58,Web Development,44.76
2023.58,Marketing,36.39
2023.58,Virtual Assistant,26.97
2023.58,Data Analysis,37.73
2023.58,UX/UI Design,40.17
2023.67,Graphic Design,33.95
2023.67,Writing,32.17
2023.67,Video Editing,32.41
2023.67,Voiceover,33.6
2023.67,Web Development,44.81
2023.67,Marketing,37.16
2023.67,Virtual Assistant,26.72
2023.67,Data Analysis,37.87
2023.67,UX/UI Design,40.19
2023.75,Graphic Design,34.6
2023.75,Writing,32.77
2023.75,Video Editing,32.75
2023.75,Voiceover,33.32
2023.75,Web Development,44.86
2023.75,Marketing,37.94
2023.75,Virtual Assistant,26.46
2023.75,Data Analysis,38.0
2023.75,UX/UI Design,40.22
2023.83,Graphic Design,35.25
2023.83,Writing,33.37
2023.83,Video Editing,33.08
2023.83,Voiceover,33.03
2023.83,Web Development,44.92
2023.83,Marketing,38.72
2023.83,Virtual Assistant,26.2
2023.83,Data Analysis,38.14
2023.83,UX/UI Design,40.24
2023.92,Graphic Design,35.9
2023.92,Writing,33.98
2023.92,Video Editing,33.42
2023.92,Voiceover,32.75
2023.92,Web Development,44.97
2023.92,Marketing,39.49
2023.92,Virtual Assistant,25.95
2023.92,Data Analysis,38.27
2023.92,UX/UI Design,40.26
2024.0,Graphic Design,36.55
2024.0,Writing,34.58
2024.0,Video Editing,33.75
2024.0,Voiceover,32.46
2024.0,Web Development,45.02
2024.0,Marketing,40.27
2024.0,Virtual Assistant,25.69
2024.0,Data Analysis,38.41
2024.0,UX/UI Design,40.28
2024.08,Graphic Design,36.12
2024.08,Writing,34.16
2024.08,Video Editing,33.85
2024.08,Voiceover,32.71
2024.08,Web Development,45.0
2024.08,Marketing,40.58
2024.08,Virtual Assistant,25.87
2024.08,Data Analysis,38.62
2024.08,UX/UI Design,40.54
2024.17,Graphic Design,35.68
2024.17,Writing,33.73
2024.17,Video Editing,33.96
2024.17,Voiceover,32.96
2024.17,Web Development,44.98
2024.17,Marketing,40.9
2024.17,Virtual Assistant,26.05
2024.17,Data Analysis,38.84
2024.17,UX/UI Design,40.8
2024.25,Graphic Design,35.25
2024.25,Writing,33.31
2024.25,Video Editing,34.06
2024.25,Voiceover,33.21
2024.25,Web Development,44.96
2024.25,Marketing,41.21
2024.25,Virtual Assistant,26.23
2024.25,Data Analysis,39.05
2024.25,UX/UI Design,41.06
2024.33,Graphic Design,34.82
2024.33,Writing,32.88
2024.33,Video Editing,34.16
2024.33,Voiceover,33.46
2024.33,Web Development,44.94
2024.33,Marketing,41.52
2024.33,Virtual Assistant,26.41
2024.33,Data Analysis,39.26
2024.33,UX/UI Design,41.32
2024.42,Graphic Design,34.39
2024.42,Writing,32.46
2024.42,Video Editing,34.27
2024.42,Voiceover,33.71
2024.42,Web Development,44.92
2024.42,Marketing,41.84
2024.42,Virtual Assistant,26.59
2024.42,Data Analysis,39.48
2024.42,UX/UI Design,41.58
2024.5,Graphic Design,33.96
2024.5,Writing,32.03
2024.5,Video Editing,34.37
2024.5,Voiceover,33.96
2024.5,Web Development,44.9
2024.5,Marketing,42.15
2024.5,Virtual Assistant,26.76
2024.5,Data Analysis,39.69
2024.5,UX/UI Design,41.84
2024.58,Graphic Design,33.52
2024.58,Writing,31.61
2024.58,Video Editing,34.47
2024.58,Voiceover,34.21
2024.58,Web Development,44.89
2024.58,Marketing,42.46
2024.58,Virtual Assistant,26.94
2024.58,Data Analysis,39.9
2024.58,UX/UI Design,42.11
2024.67,Graphic Design,33.09
2024.67,Writing,31.19
2024.67,Video Editing,34.58
2024.67,Voiceover,34.46
2024.67,Web Development,44.87
2024.67,Marketing,42.78
2024.67,Virtual Assistant,27.12
2024.67,Data Analysis,40.12
2024.67,UX/UI Design,42.37
2024.75,Graphic Design,32.66
2024.75,Writing,30.76
2024.75,Video Editing,34.68
2024.75,Voiceover,34.71
2024.75,Web Development,44.85
2024.75,Marketing,43.09
2024.75,Virtual Assistant,27.3
2024.75,Data Analysis,40.33
2024.75,UX/UI Design,42.63
2024.83,Graphic Design,32.22
2024.83,Writing,30.34
2024.83,Video Editing,34.78
2024.83,Voiceover,34.96
2024.83,Web Development,44.83
2024.83,Marketing,43.4
2024.83,Virtual Assistant,27.48
2024.83,Data Analysis,40.54
2024.83,UX/UI Design,42.89
2024.92,Graphic Design,31.79
2024.92,Writing,29.91
2024.92,Video Editing,34.89
2024.92,Voiceover,35.21
2024.92,Web Development,44.81
2024.92,Marketing,43.72
2024.92,Virtual Assistant,27.66
2024.92,Data Analysis,40.76
2024.92,UX/UI Design,43.15
2025.0,Graphic Design,31.36
2025.0,Writing,29.49
2025.0,Video Editing,34.99
2025.0,Voiceover,35.46
2025.0,Web Development,44.79
2025.0,Marketing,44.03
2025.0,Virtual Assistant,27.84
2025.0,Data Analysis,40.97
2025.0,UX/UI Design,43.41
